id,name,isFork,commits,branches,releases,forks,mainLanguage,defaultBranch,license,homepage,watchers,stargazers,contributors,size,createdAt,pushedAt,updatedAt,totalIssues,openIssues,totalPullRequests,openPullRequests,blankLines,codeLines,commentLines,metrics,lastCommit,lastCommitSHA,hasWiki,isArchived,isDisabled,isLocked,languages,labels,topics
50233,wvengen/proguard-maven-plugin,FALSE,507,4,8,152,Java,master,Apache License 2.0,http://wvengen.github.io/proguard-maven-plugin/,29,628,27,671,2011-06-21T01:53:46,2025-02-26T03:37:52,2025-02-26T03:37:49,137,31,248,4,360,1819,413,"[{""codeLines"":889,""commentLines"":378,""language"":""Java"",""blankLines"":192},{""codeLines"":94,""commentLines"":23,""language"":""YAML"",""blankLines"":15},{""codeLines"":55,""commentLines"":0,""language"":""Markdown"",""blankLines"":27},{""codeLines"":10,""commentLines"":0,""language"":""XML"",""blankLines"":0},{""codeLines"":27,""commentLines"":7,""language"":""Bourne Shell"",""blankLines"":7},{""codeLines"":317,""commentLines"":4,""language"":""Maven"",""blankLines"":32},{""codeLines"":418,""commentLines"":0,""language"":""Text"",""blankLines"":86},{""codeLines"":9,""commentLines"":1,""language"":""Groovy"",""blankLines"":1}]",2025-02-26T03:37:44,08d7c9e1b3f8cbff41992d9d5e4e85b96e2a560a,FALSE,FALSE,FALSE,FALSE,"{""Java"":43467,""Shell"":1194,""Groovy"":490}",bug;dependencies;feature request;fixed / not yet released;github_actions;good first issue;invalid / no maven-plugin bug;java;mcve-required;needs work,java;maven;maven-plugin;minification;obfuscation;proguard
147545,ph-7/simple-java-calculator,FALSE,111,1,2,456,Java,master,Apache License 2.0,https://ph-7.github.io/Simple-Java-Calculator/,36,204,17,234,2012-05-03T03:45:09,2024-02-09T02:46:57,2024-02-09T05:20:14,13,3,90,11,186,2056,241,"[{""codeLines"":170,""commentLines"":0,""language"":""Text"",""blankLines"":32},{""codeLines"":1,""commentLines"":0,""language"":""YAML"",""blankLines"":0},{""codeLines"":28,""commentLines"":0,""language"":""Markdown"",""blankLines"":27},{""codeLines"":5,""commentLines"":55,""language"":""Ant"",""blankLines"":13},{""codeLines"":1299,""commentLines"":126,""language"":""XML"",""blankLines"":3},{""codeLines"":69,""commentLines"":12,""language"":""Properties"",""blankLines"":0},{""codeLines"":484,""commentLines"":48,""language"":""Java"",""blankLines"":111}]",2024-02-06T09:02:59,36c3c1465fbfa3bb04f8e9ef0a73c11df75a8b3c,TRUE,FALSE,FALSE,FALSE,"{""Java"":19426}",bug;duplicate;enhancement;help wanted;invalid;question;wip;wontfix,calculator;java;java-calculator;java-learning;java-simple-project;java-study;java-swing;learn;learning-java;simple-java-calculator;teaching
239111,jarod/qqwry-java,FALSE,41,1,14,52,Java,master,MIT License,https://www.cz88.net/,4,183,1,377,2012-09-28T07:21:09,2024-02-18T03:10:48,2024-02-17T02:06:42,8,5,1,0,118,603,165,"[{""codeLines"":69,""commentLines"":2,""language"":""DOS Batch"",""blankLines"":21},{""codeLines"":85,""commentLines"":0,""language"":""Gradle"",""blankLines"":13},{""codeLines"":13,""commentLines"":0,""language"":""Properties"",""blankLines"":1},{""codeLines"":2,""commentLines"":0,""language"":""TOML"",""blankLines"":0},{""codeLines"":281,""commentLines"":48,""language"":""Java"",""blankLines"":44},{""codeLines"":11,""commentLines"":0,""language"":""YAML"",""blankLines"":0},{""codeLines"":40,""commentLines"":0,""language"":""Markdown"",""blankLines"":12},{""codeLines"":102,""commentLines"":115,""language"":""Bourne Shell"",""blankLines"":27}]",2024-02-18T03:07:40,cbbe56663aa236e3e598213476ff88db20aabb3a,TRUE,FALSE,FALSE,FALSE,"{""Java"":9887}",bug;duplicate;enhancement;invalid;question;wontfix,geoip;java;qqwry
361874,mybatis/ehcache-cache,FALSE,609,4,9,82,Java,master,Apache License 2.0,http://mybatis.github.io/ehcache-cache,36,149,12,2582,2013-02-12T08:49:13,2025-02-26T12:54:35,2025-02-26T12:54:20,15,3,207,0,260,1234,465,"[{""codeLines"":163,""commentLines"":38,""language"":""YAML"",""blankLines"":25},{""codeLines"":4,""commentLines"":16,""language"":""Properties"",""blankLines"":0},{""codeLines"":54,""commentLines"":12,""language"":""Velocity Template Language"",""blankLines"":18},{""codeLines"":79,""commentLines"":15,""language"":""Maven"",""blankLines"":19},{""codeLines"":170,""commentLines"":0,""language"":""DOS Batch"",""blankLines"":36},{""codeLines"":239,""commentLines"":63,""language"":""Bourne Shell"",""blankLines"":30},{""codeLines"":458,""commentLines"":268,""language"":""Java"",""blankLines"":98},{""codeLines"":49,""commentLines"":53,""language"":""XML"",""blankLines"":29},{""codeLines"":12,""commentLines"":0,""language"":""Markdown"",""blankLines"":5},{""codeLines"":6,""commentLines"":0,""language"":""JSON"",""blankLines"":0}]",2025-02-26T12:54:15,ee2dff165ff3966b43449253fc83e522d2b0d8b1,FALSE,FALSE,FALSE,FALSE,"{""Java"":19565}",bug;dependencies;duplicate;enhancement;github_actions;invalid;java;question;wontfix,cache;ehcache;java
705685,greengerong/prerender-java,FALSE,136,1,1,48,Java,master,MIT License,http://prerender.io/,11,120,11,169,2013-10-15T02:48:26,2023-07-09T08:28:03,2023-06-11T04:37:52,29,1,26,0,203,1166,73,"[{""codeLines"":237,""commentLines"":6,""language"":""Maven"",""blankLines"":9},{""codeLines"":753,""commentLines"":63,""language"":""Java"",""blankLines"":149},{""codeLines"":18,""commentLines"":0,""language"":""JSP"",""blankLines"":0},{""codeLines"":73,""commentLines"":0,""language"":""Markdown"",""blankLines"":42},{""codeLines"":80,""commentLines"":4,""language"":""XML"",""blankLines"":3},{""codeLines"":5,""commentLines"":0,""language"":""YAML"",""blankLines"":0}]",2023-07-09T08:28:03,292bd36335126dd9ea3fd8329ce629efddeeb91c,TRUE,FALSE,FALSE,FALSE,"{""Java"":39387}",bug;duplicate;enhancement;invalid;question;wontfix,angular1;crawler;java;prerender;prerendered-page;seo
1068695,jhonnymertz/java-wkhtmltopdf-wrapper,FALSE,223,1,20,97,Java,master,MIT License,,13,318,18,270,2014-03-20T01:21:19,2025-02-24T10:46:52,2025-02-24T10:46:49,53,6,127,0,376,1485,577,"[{""codeLines"":999,""commentLines"":539,""language"":""Java"",""blankLines"":274},{""codeLines"":62,""commentLines"":4,""language"":""YAML"",""blankLines"":9},{""codeLines"":202,""commentLines"":0,""language"":""Markdown"",""blankLines"":81},{""codeLines"":218,""commentLines"":11,""language"":""Maven"",""blankLines"":12},{""codeLines"":4,""commentLines"":23,""language"":""Properties"",""blankLines"":0}]",2025-02-24T10:46:44,2c58de9b2174e44cb40c0333f3236d7159eacb83,FALSE,FALSE,FALSE,FALSE,"{""Java"":55932,""Shell"":469}",bug;dependencies;duplicate;enhancement;invalid;need investigation;question;wkhtmltopdf issue;wontfix,java;wkhtmltopdf;wrapper
1089067,duydo/elasticsearch-analysis-vietnamese,FALSE,259,30,14,192,Java,master,Apache License 2.0,,33,475,11,4680,2014-03-28T09:45:31,2023-12-07T02:54:54,2023-12-28T02:45:25,109,1,37,0,281,1469,160,"[{""codeLines"":247,""commentLines"":0,""language"":""Text"",""blankLines"":33},{""codeLines"":692,""commentLines"":157,""language"":""Java"",""blankLines"":175},{""codeLines"":8,""commentLines"":0,""language"":""Properties"",""blankLines"":0},{""codeLines"":155,""commentLines"":1,""language"":""Maven"",""blankLines"":1},{""codeLines"":44,""commentLines"":0,""language"":""XML"",""blankLines"":3},{""codeLines"":62,""commentLines"":0,""language"":""YAML"",""blankLines"":4},{""codeLines"":214,""commentLines"":0,""language"":""Markdown"",""blankLines"":57},{""codeLines"":12,""commentLines"":0,""language"":""JSON"",""blankLines"":0},{""codeLines"":35,""commentLines"":2,""language"":""Dockerfile"",""blankLines"":8}]",2023-12-07T02:54:53,dd6c0b03c11c42445329d3180f71cb1c87018d94,TRUE,FALSE,FALSE,FALSE,"{""Java"":32672,""Dockerfile"":1731,""Shell"":220}",bug;dependencies;duplicate;enhancement;info;invalid;question;wontfix,analysis-plugin;elasticsearch;java;vietnamese;vietnamese-analysis-plugin
1289449,pf4j/pf4j-spring,FALSE,101,2,1,110,Java,master,Apache License 2.0,,23,353,9,137,2014-06-16T01:38:58,2025-01-21T07:20:52,2025-01-21T07:20:56,72,30,17,2,303,1531,499,"[{""codeLines"":13,""commentLines"":0,""language"":""INI"",""blankLines"":4},{""codeLines"":195,""commentLines"":0,""language"":""Markdown"",""blankLines"":62},{""codeLines"":17,""commentLines"":7,""language"":""Properties"",""blankLines"":2},{""codeLines"":12,""commentLines"":0,""language"":""Text"",""blankLines"":0},{""codeLines"":727,""commentLines"":46,""language"":""Maven"",""blankLines"":84},{""codeLines"":424,""commentLines"":398,""language"":""Java"",""blankLines"":131},{""codeLines"":15,""commentLines"":8,""language"":""DOS Batch"",""blankLines"":7},{""codeLines"":76,""commentLines"":31,""language"":""XML"",""blankLines"":4},{""codeLines"":15,""commentLines"":8,""language"":""Bourne Shell"",""blankLines"":8},{""codeLines"":37,""commentLines"":1,""language"":""YAML"",""blankLines"":1}]",2025-01-21T07:20:52,30c9466f6ec627a44addd5fd8ff6d2cb76a79882,TRUE,FALSE,FALSE,FALSE,"{""Java"":22537,""Batchfile"":814,""Shell"":748}",bug;duplicate;enhancement;help wanted;invalid;question;wontfix,java;modularity;pf4j;plugins;spring-framework
1349038,balysv/material-menu,FALSE,119,1,20,506,Java,master,Apache License 2.0,,105,2479,4,1241,2014-07-10T10:22:20,2024-06-11T07:51:24,2024-06-11T07:51:28,56,5,13,5,522,2117,217,"[{""codeLines"":128,""commentLines"":16,""language"":""Gradle"",""blankLines"":28},{""codeLines"":21,""commentLines"":1,""language"":""Properties"",""blankLines"":1},{""codeLines"":123,""commentLines"":21,""language"":""Bourne Again Shell"",""blankLines"":20},{""codeLines"":306,""commentLines"":0,""language"":""XML"",""blankLines"":42},{""codeLines"":482,""commentLines"":0,""language"":""Markdown"",""blankLines"":190},{""codeLines"":64,""commentLines"":2,""language"":""DOS Batch"",""blankLines"":24},{""codeLines"":993,""commentLines"":177,""language"":""Java"",""blankLines"":217}]",2024-06-11T07:51:23,9600d0ce1bed704c61eaafd52a956dbd001a1d8f,TRUE,FALSE,FALSE,FALSE,"{""Java"":41403}",bug;duplicate;enhancement;help wanted;invalid;question;wontfix,android;animation;drawer;icon-states;icons;java;material-menu
1531724,balysv/material-ripple,FALSE,67,1,3,477,Java,master,Apache License 2.0,,86,2352,5,2795,2014-09-16T08:54:56,2024-06-11T07:50:55,2024-06-11T07:50:59,81,45,10,2,303,1500,86,"[{""codeLines"":866,""commentLines"":45,""language"":""Java"",""blankLines"":161},{""codeLines"":21,""commentLines"":1,""language"":""Properties"",""blankLines"":1},{""codeLines"":203,""commentLines"":0,""language"":""XML"",""blankLines"":28},{""codeLines"":64,""commentLines"":2,""language"":""DOS Batch"",""blankLines"":24},{""codeLines"":130,""commentLines"":17,""language"":""Gradle"",""blankLines"":29},{""codeLines"":123,""commentLines"":21,""language"":""Bourne Again Shell"",""blankLines"":20},{""codeLines"":93,""commentLines"":0,""language"":""Markdown"",""blankLines"":40}]",2024-06-11T07:50:55,67d4bc80bc27d50298c71ee83907eab96dfb8fea,TRUE,FALSE,FALSE,FALSE,"{""Java"":28920}",bug;duplicate;enhancement;help wanted;invalid;question;ui;wontfix,android;java;material-ripple;ripple;wrapper
1567866,zalando/spring-cloud-config-aws-kms,FALSE,292,12,26,33,Java,master,Apache License 2.0,,23,109,19,434,2015-01-07T04:39:36,2025-02-04T07:53:49,2025-02-04T07:53:51,34,0,146,7,373,1550,83,"[{""codeLines"":103,""commentLines"":9,""language"":""YAML"",""blankLines"":13},{""codeLines"":17,""commentLines"":0,""language"":""XML"",""blankLines"":0},{""codeLines"":215,""commentLines"":63,""language"":""Bourne Shell"",""blankLines"":30},{""codeLines"":282,""commentLines"":0,""language"":""Markdown"",""blankLines"":112},{""codeLines"":2,""commentLines"":0,""language"":""Properties"",""blankLines"":0},{""codeLines"":353,""commentLines"":8,""language"":""Maven"",""blankLines"":49},{""codeLines"":169,""commentLines"":0,""language"":""DOS Batch"",""blankLines"":36},{""codeLines"":409,""commentLines"":3,""language"":""Java"",""blankLines"":133}]",2025-02-04T07:53:47,592c6bf2709aaf57e0f062a70c88fa591ea7b3bf,FALSE,FALSE,FALSE,FALSE,"{""Java"":18833,""Shell"":80}",architectural;bug;bugfix;dependencies;documentation;duplicate;enhancement;help wanted;invalid;major;minor;question;security;stale;wontfix,aws;aws-kms;cloud;java;spring;spring-boot;spring-boot-3;spring-boot-starter;spring-cloud;spring-cloud-aws
1775891,neykov/extract-tls-secrets,FALSE,64,3,4,70,Java,master,Apache License 2.0,,9,397,4,116,2015-03-02T08:15:05,2024-10-13T11:29:30,2024-10-14T04:14:45,20,5,4,0,201,1118,83,"[{""codeLines"":68,""commentLines"":0,""language"":""Markdown"",""blankLines"":33},{""codeLines"":141,""commentLines"":8,""language"":""Bourne Shell"",""blankLines"":45},{""codeLines"":13,""commentLines"":0,""language"":""YAML"",""blankLines"":4},{""codeLines"":221,""commentLines"":7,""language"":""Maven"",""blankLines"":12},{""codeLines"":636,""commentLines"":67,""language"":""Java"",""blankLines"":100},{""codeLines"":26,""commentLines"":1,""language"":""Dockerfile"",""blankLines"":7},{""codeLines"":13,""commentLines"":0,""language"":""XML"",""blankLines"":0}]",2024-04-26T06:13:54,ebb6e6e2e30b837829d45188d30f6777994c4dd0,FALSE,FALSE,FALSE,FALSE,"{""Java"":31561,""Shell"":6344}",bug;duplicate;enhancement;help wanted;invalid;question;wontfix,decrypt;https;java;ssl;tls;wireshark
1875051,mybatis/redis-cache,FALSE,605,3,3,218,Java,master,Apache License 2.0,http://mybatis.github.io/redis-cache,60,412,15,1882,2015-03-19T05:13:40,2025-02-25T09:14:44,2025-02-25T09:14:27,25,3,273,2,367,1664,582,"[{""codeLines"":44,""commentLines"":12,""language"":""Velocity Template Language"",""blankLines"":13},{""codeLines"":239,""commentLines"":63,""language"":""Bourne Shell"",""blankLines"":30},{""codeLines"":49,""commentLines"":53,""language"":""XML"",""blankLines"":29},{""codeLines"":17,""commentLines"":52,""language"":""Properties"",""blankLines"":4},{""codeLines"":181,""commentLines"":1,""language"":""YAML"",""blankLines"":19},{""codeLines"":12,""commentLines"":0,""language"":""Markdown"",""blankLines"":5},{""codeLines"":6,""commentLines"":0,""language"":""JSON"",""blankLines"":0},{""codeLines"":170,""commentLines"":0,""language"":""DOS Batch"",""blankLines"":36},{""codeLines"":121,""commentLines"":19,""language"":""Maven"",""blankLines"":21},{""codeLines"":825,""commentLines"":382,""language"":""Java"",""blankLines"":210}]",2025-02-25T09:14:22,158ad6cf94a52713559aba887a41c8ea07968ef9,FALSE,FALSE,FALSE,FALSE,"{""Java"":39456}",bug;dependencies;duplicate;enhancement;github_actions;help wanted;invalid;java;question;wontfix,cache;java;redis
2055675,melloware/jintellitype,FALSE,174,2,2,41,Java,master,Apache License 2.0,,7,171,6,589,2015-04-21T06:32:14,2025-01-02T02:52:56,2025-01-07T03:46:16,34,2,120,0,447,2439,794,"[{""codeLines"":561,""commentLines"":0,""language"":""XML"",""blankLines"":78},{""codeLines"":26,""commentLines"":5,""language"":""Windows Resource File"",""blankLines"":4},{""codeLines"":425,""commentLines"":4,""language"":""Maven"",""blankLines"":0},{""codeLines"":78,""commentLines"":0,""language"":""Markdown"",""blankLines"":36},{""codeLines"":120,""commentLines"":69,""language"":""C/C++ Header"",""blankLines"":62},{""codeLines"":1,""commentLines"":0,""language"":""ASP.NET"",""blankLines"":0},{""codeLines"":7,""commentLines"":5,""language"":""YAML"",""blankLines"":2},{""codeLines"":308,""commentLines"":169,""language"":""C++"",""blankLines"":101},{""codeLines"":754,""commentLines"":528,""language"":""Java"",""blankLines"":132},{""codeLines"":9,""commentLines"":14,""language"":""Properties"",""blankLines"":6},{""codeLines"":150,""commentLines"":0,""language"":""Text"",""blankLines"":26}]",2025-01-02T02:52:48,48d2060a7abf58e749003d6c62ad0051d20f7e47,FALSE,FALSE,FALSE,FALSE,"{""Java"":51426,""C++"":21078,""C"":1490,""ASP.NET"":80}",auto-migrated;bug;dependencies;duplicate;enhancement;help wanted;invalid;priority-medium;question;type-defect;wontfix,cpp;global-hotkeys;java;jni-wrapper
2911557,jonathanlink/pdflayouttextstripper,FALSE,49,2,8,212,Java,master,Apache License 2.0,https://jonathanlink.ch/PDFLayoutTextStripper.html,53,1510,4,22135,2015-10-11T10:49:10,2023-12-17T05:19:17,2024-01-03T02:12:52,32,17,16,5,101,565,46,"[{""codeLines"":131,""commentLines"":0,""language"":""Maven"",""blankLines"":4},{""codeLines"":61,""commentLines"":0,""language"":""Markdown"",""blankLines"":14},{""codeLines"":373,""commentLines"":46,""language"":""Java"",""blankLines"":83}]",2021-09-07T10:28:55,86ef5e1af56929576bf55d4a26527bd02d61b63e,TRUE,FALSE,FALSE,FALSE,"{""Java"":18345}",bug;dependencies;duplicate;enhancement;help wanted;invalid;question;wontfix,data-extraction;extract;java;layout;pdf;pdfbox;text
3260009,wechatpay-apiv3/certificatedownloader,FALSE,27,1,1,68,Java,master,MIT License,,5,203,3,3840,2019-07-25T12:06:23,2023-08-30T02:43:04,2023-08-28T05:27:33,16,0,3,0,123,432,37,"[{""codeLines"":46,""commentLines"":2,""language"":""YAML"",""blankLines"":9},{""codeLines"":58,""commentLines"":0,""language"":""Markdown"",""blankLines"":38},{""codeLines"":82,""commentLines"":0,""language"":""Maven"",""blankLines"":7},{""codeLines"":246,""commentLines"":35,""language"":""Java"",""blankLines"":69}]",2023-08-30T02:43:04,4cae9c9f472cf3200f7b9af99c8be532621a9d22,TRUE,FALSE,FALSE,FALSE,"{""Java"":11830}",bug;dependencies;documentation;duplicate;enhancement;good first issue;help wanted;invalid;question;wontfix,certificate;command-line;java;wechat;wechat-pay
3260580,paulschwarz/spring-dotenv,FALSE,43,2,20,22,Java,master,MIT License,,6,242,5,182,2020-02-23T02:35:03,2023-10-16T09:30:33,2023-11-06T05:39:59,19,5,8,2,337,1223,155,"[{""codeLines"":136,""commentLines"":0,""language"":""Markdown"",""blankLines"":69},{""codeLines"":190,""commentLines"":0,""language"":""Gradle"",""blankLines"":32},{""codeLines"":99,""commentLines"":14,""language"":""XML"",""blankLines"":17},{""codeLines"":68,""commentLines"":2,""language"":""DOS Batch"",""blankLines"":21},{""codeLines"":98,""commentLines"":8,""language"":""YAML"",""blankLines"":9},{""codeLines"":103,""commentLines"":109,""language"":""Bourne Shell"",""blankLines"":28},{""codeLines"":529,""commentLines"":22,""language"":""Java"",""blankLines"":161}]",2023-05-10T12:31:02,5b8cb3b8e5bc73b43bc47e2c27159078cbd1c252,TRUE,FALSE,FALSE,FALSE,"{""Java"":14983,""Shell"":80}",bug;documentation;duplicate;enhancement;good first issue;help wanted;invalid;question;wontfix,config;dotenv;environment-variables;java;spring;springboot
3263500,pig-mesh/idempotent-spring-boot-starter,FALSE,74,2,7,72,Java,master,Apache License 2.0,,8,148,6,583,2020-09-25T10:15:56,2024-12-21T01:36:32,2024-12-21T08:07:42,6,0,5,0,201,1001,169,"[{""codeLines"":241,""commentLines"":9,""language"":""Maven"",""blankLines"":9},{""codeLines"":83,""commentLines"":0,""language"":""Markdown"",""blankLines"":42},{""codeLines"":59,""commentLines"":2,""language"":""YAML"",""blankLines"":8},{""codeLines"":195,""commentLines"":60,""language"":""Bourne Shell"",""blankLines"":31},{""codeLines"":129,""commentLines"":0,""language"":""DOS Batch"",""blankLines"":32},{""codeLines"":294,""commentLines"":98,""language"":""Java"",""blankLines"":79}]",2024-12-21T01:36:32,c0ce30341249516f8979f0abd8f92c5bd834fc66,TRUE,FALSE,FALSE,FALSE,"{""Java"":13116}",bug;documentation;duplicate;enhancement;good first issue;help wanted;invalid;question;wontfix,idempotent;java;redis;redisson;spring-boot
3264025,anggrayudi/android-hidden-api,FALSE,92,1,2,643,Java,master,Apache License 2.0,,132,3463,3,334972,2015-09-16T11:58:33,2025-01-17T11:02:07,2025-01-17T07:09:44,89,40,4,0,295,1511,522,"[{""codeLines"":441,""commentLines"":349,""language"":""Java"",""blankLines"":121},{""codeLines"":47,""commentLines"":4,""language"":""YAML"",""blankLines"":10},{""codeLines"":154,""commentLines"":10,""language"":""Gradle"",""blankLines"":27},{""codeLines"":89,""commentLines"":0,""language"":""Markdown"",""blankLines"":32},{""codeLines"":356,""commentLines"":2,""language"":""XML"",""blankLines"":16},{""codeLines"":149,""commentLines"":37,""language"":""Bourne Shell"",""blankLines"":26},{""codeLines"":74,""commentLines"":2,""language"":""DOS Batch"",""blankLines"":24},{""codeLines"":0,""commentLines"":18,""language"":""ProGuard"",""blankLines"":3},{""codeLines"":173,""commentLines"":81,""language"":""Kotlin"",""blankLines"":36},{""codeLines"":28,""commentLines"":19,""language"":""Properties"",""blankLines"":0}]",2025-01-17T11:02:03,773d56dc82a162d342a9efd43c4d64fb23d515c8,TRUE,FALSE,FALSE,FALSE,"{""Java"":33563,""Kotlin"":362}",bug;duplicate;enhancement;help wanted;ide error;invalid;question;wontfix,android;android-framework;api;internal-resources;java
3265347,vinhkhuc/jfasttext,FALSE,57,3,4,99,Java,master,Other,,21,215,1,59,2017-02-05T11:33:29,2023-05-29T10:07:01,2023-05-27T01:02:33,53,41,13,5,222,1279,84,"[{""codeLines"":153,""commentLines"":0,""language"":""Markdown"",""blankLines"":40},{""codeLines"":73,""commentLines"":11,""language"":""C/C++ Header"",""blankLines"":10},{""codeLines"":10,""commentLines"":2,""language"":""YAML"",""blankLines"":0},{""codeLines"":60,""commentLines"":9,""language"":""Bourne Shell"",""blankLines"":21},{""codeLines"":164,""commentLines"":9,""language"":""C++"",""blankLines"":35},{""codeLines"":246,""commentLines"":1,""language"":""Maven"",""blankLines"":12},{""codeLines"":573,""commentLines"":52,""language"":""Java"",""blankLines"":104}]",2023-05-29T10:05:44,130e5e0243e8946124ba8bfa7ab81175bb1995b7,TRUE,FALSE,FALSE,FALSE,"{""Java"":26924,""C++"":9074}",bug;dependencies;duplicate;enhancement;help wanted;invalid;question;wontfix,java;jni;machine-learning;model-compression;nlp;text-classification;word-embeddings
3265562,imgly/pesdk-android-demo,FALSE,329,52,155,204,Java,master,Other,https://www.photoeditorsdk.com/,51,629,9,26893,2016-01-27T08:25:44,2025-02-05T09:56:43,2025-02-05T05:09:20,0,0,58,4,7092,42946,21952,"[{""codeLines"":249,""commentLines"":1,""language"":""Java"",""blankLines"":55},{""codeLines"":93,""commentLines"":9,""language"":""Gradle"",""blankLines"":20},{""codeLines"":49,""commentLines"":0,""language"":""YAML"",""blankLines"":11},{""codeLines"":40357,""commentLines"":21870,""language"":""XML"",""blankLines"":6290},{""codeLines"":1883,""commentLines"":6,""language"":""Markdown"",""blankLines"":646},{""codeLines"":129,""commentLines"":22,""language"":""Bourne Shell"",""blankLines"":21},{""codeLines"":59,""commentLines"":2,""language"":""DOS Batch"",""blankLines"":23},{""codeLines"":0,""commentLines"":18,""language"":""ProGuard"",""blankLines"":3},{""codeLines"":120,""commentLines"":11,""language"":""Kotlin"",""blankLines"":23},{""codeLines"":7,""commentLines"":13,""language"":""Properties"",""blankLines"":0}]",2025-02-05T09:56:19,d73682ec7c60ba22446c8570e94e80dd99d1f0ce,FALSE,FALSE,FALSE,FALSE,"{""Java"":13803,""Kotlin"":5780}",bug;duplicate;enhancement;help wanted;invalid;question;wontfix,android;brush;crop;demo-app;filter;frames;framework;image-editor;image-manipulation;image-processing;java;opengl;overlay;photo-editor;renderscript;sdk;text
3269833,devgianlu/aria2android,FALSE,438,2,44,37,Java,master,GNU General Public License v3.0,,15,398,7,22580,2018-09-08T01:14:40,2024-02-09T08:17:24,2024-02-07T12:11:49,28,0,120,1,287,1468,35,"[{""codeLines"":64,""commentLines"":2,""language"":""DOS Batch"",""blankLines"":24},{""codeLines"":12,""commentLines"":0,""language"":""ProGuard"",""blankLines"":3},{""codeLines"":520,""commentLines"":0,""language"":""Java"",""blankLines"":114},{""codeLines"":329,""commentLines"":12,""language"":""XML"",""blankLines"":34},{""codeLines"":85,""commentLines"":0,""language"":""JSON"",""blankLines"":0},{""codeLines"":3,""commentLines"":0,""language"":""Bourne Shell"",""blankLines"":1},{""codeLines"":101,""commentLines"":0,""language"":""Markdown"",""blankLines"":54},{""codeLines"":11,""commentLines"":1,""language"":""Properties"",""blankLines"":0},{""codeLines"":74,""commentLines"":0,""language"":""YAML"",""blankLines"":2},{""codeLines"":121,""commentLines"":20,""language"":""Bourne Again Shell"",""blankLines"":19},{""codeLines"":115,""commentLines"":0,""language"":""Gradle"",""blankLines"":23},{""codeLines"":33,""commentLines"":0,""language"":""Text"",""blankLines"":13}]",2024-02-09T08:17:18,21f5a8beec64b22d23ce05e2c23e6737e9b44204,TRUE,FALSE,FALSE,FALSE,"{""Java"":21148,""Shell"":171}",bug;dependencies;duplicate;enhancement;good first issue;help wanted;invalid;question;translation;wontfix,android;android-service;aria2;aria2-gui;java
3271976,tianlian0/duplicate-check-sample,FALSE,80,1,3,19,Java,master,BSD 3-Clause New or Revised License,https://xincheck.com/?id=16,4,116,2,246,2020-03-01T02:05:04,2024-06-02T01:44:40,2024-06-02T01:44:43,4,0,2,0,128,472,268,"[{""codeLines"":50,""commentLines"":0,""language"":""Maven"",""blankLines"":6},{""codeLines"":381,""commentLines"":268,""language"":""Java"",""blankLines"":112},{""codeLines"":41,""commentLines"":0,""language"":""Markdown"",""blankLines"":10}]",2024-06-02T01:44:35,3c3d469291bbf34ee28c712040e660fea63f7f4c,TRUE,FALSE,FALSE,FALSE,"{""Java"":34553}",bug;documentation;duplicate;enhancement;good first issue;help wanted;invalid;question;wontfix,document-duplicate-checking;duplicate-checker;java;paper-checking;sdk
3373112,virtualvivek/blurshadowimageview,FALSE,141,2,6,17,Java,master,MIT License,,3,171,2,39332,2020-01-01T04:54:01,2024-01-10T05:56:09,2023-09-08T06:01:50,3,0,0,0,229,2698,146,"[{""codeLines"":64,""commentLines"":2,""language"":""DOS Batch"",""blankLines"":24},{""codeLines"":0,""commentLines"":42,""language"":""ProGuard"",""blankLines"":8},{""codeLines"":420,""commentLines"":54,""language"":""Java"",""blankLines"":79},{""codeLines"":123,""commentLines"":0,""language"":""Markdown"",""blankLines"":44},{""codeLines"":87,""commentLines"":3,""language"":""Gradle"",""blankLines"":21},{""codeLines"":121,""commentLines"":20,""language"":""Bourne Again Shell"",""blankLines"":19},{""codeLines"":10,""commentLines"":23,""language"":""Properties"",""blankLines"":4},{""codeLines"":1873,""commentLines"":2,""language"":""XML"",""blankLines"":30}]",2024-01-10T05:56:09,1883d2f62187f9c6c7eb2e71b65e811a25d3e0e9,FALSE,FALSE,FALSE,FALSE,"{""Java"":18674}",bug;documentation;duplicate;enhancement;good first issue;help wanted;invalid;question;wontfix,android;android-library;android-ui;backdrop-shadows;blur;blur-imageview;blurimageview;blurred-background;blurred-drop-shadows;blurview;image;imageview;ios-music;java;library;shadow-imageview
3798248,jcasbin/casbin-spring-boot-starter,FALSE,112,1,37,70,Java,master,Apache License 2.0,https://mvnrepository.com/artifact/org.casbin/casbin-spring-boot-starter,5,192,22,272,2019-04-06T03:27:18,2024-10-01T02:19:51,2024-10-01T10:15:39,43,0,63,0,260,1492,374,"[{""codeLines"":161,""commentLines"":4,""language"":""Gradle"",""blankLines"":18},{""codeLines"":76,""commentLines"":22,""language"":""YAML"",""blankLines"":8},{""codeLines"":23,""commentLines"":5,""language"":""Properties"",""blankLines"":0},{""codeLines"":110,""commentLines"":0,""language"":""Markdown"",""blankLines"":32},{""codeLines"":22,""commentLines"":0,""language"":""XML"",""blankLines"":0},{""codeLines"":189,""commentLines"":3,""language"":""Maven"",""blankLines"":9},{""codeLines"":15,""commentLines"":0,""language"":""JSON"",""blankLines"":0},{""codeLines"":126,""commentLines"":36,""language"":""Bourne Shell"",""blankLines"":23},{""codeLines"":76,""commentLines"":2,""language"":""DOS Batch"",""blankLines"":26},{""codeLines"":694,""commentLines"":302,""language"":""Java"",""blankLines"":144}]",2024-10-01T02:18:10,bea05b9277b14020053bf63d9bd416f510114c70,TRUE,FALSE,FALSE,FALSE,"{""Java"":38187}",bug;duplicate;enhancement;good first issue;help wanted;invalid;notice;question;released;wontfix,abac;acl;auth;authorization;authz;casbin;java;jcasbin;rbac;spring;spring-boot;spring-boot-2;spring-boot-3;springboot;springbootstarter
3904919,mervick/aes-everywhere,FALSE,197,2,2,169,Java,master,Other,,25,475,6,930,2018-02-05T03:40:43,2024-08-03T01:36:25,2024-08-03T01:36:29,30,10,11,0,840,3022,2036,"[{""codeLines"":32,""commentLines"":0,""language"":""make"",""blankLines"":12},{""codeLines"":55,""commentLines"":28,""language"":""PowerShell"",""blankLines"":14},{""codeLines"":556,""commentLines"":435,""language"":""Java"",""blankLines"":135},{""codeLines"":153,""commentLines"":26,""language"":""Bourne Shell"",""blankLines"":37},{""codeLines"":6,""commentLines"":0,""language"":""XML"",""blankLines"":0},{""codeLines"":106,""commentLines"":44,""language"":""Ruby"",""blankLines"":19},{""codeLines"":70,""commentLines"":1,""language"":""YAML"",""blankLines"":25},{""codeLines"":318,""commentLines"":0,""language"":""Markdown"",""blankLines"":154},{""codeLines"":1117,""commentLines"":1191,""language"":""JavaScript"",""blankLines"":308},{""codeLines"":93,""commentLines"":68,""language"":""PHP"",""blankLines"":24},{""codeLines"":33,""commentLines"":30,""language"":""Lua"",""blankLines"":9},{""codeLines"":118,""commentLines"":67,""language"":""C#"",""blankLines"":26},{""codeLines"":60,""commentLines"":0,""language"":""JSON"",""blankLines"":0},{""codeLines"":64,""commentLines"":0,""language"":""Maven"",""blankLines"":7},{""codeLines"":66,""commentLines"":28,""language"":""Go"",""blankLines"":18},{""codeLines"":131,""commentLines"":92,""language"":""Python"",""blankLines"":36},{""codeLines"":44,""commentLines"":26,""language"":""Dart"",""blankLines"":16}]",2024-08-03T01:36:25,6759956693c04cb00318a09357fe0e0909096c72,TRUE,FALSE,FALSE,FALSE,"{""Java"":43592,""Python"":8928,""C#"":7852,""JavaScript"":5653,""PHP"":5620,""Ruby"":5598,""Shell"":5459,""Lua"":3474,""Go"":3325,""Dart"":3189,""PowerShell"":2856,""Makefile"":731}",bug;duplicate;enhancement;good first issue;help wanted;invalid;question;wontfix,aes;bash;csharp;dart;go;java;javascript;lua;php;python;rsa;ruby;swift
4517926,dansoftowner/jsystemthemedetector,FALSE,96,1,12,23,Java,master,Apache License 2.0,,5,194,6,501,2020-10-31T06:36:50,2024-10-24T07:29:53,2024-10-24T04:42:33,24,13,7,1,214,1057,153,"[{""codeLines"":1,""commentLines"":0,""language"":""YAML"",""blankLines"":0},{""codeLines"":5,""commentLines"":0,""language"":""Properties"",""blankLines"":0},{""codeLines"":95,""commentLines"":0,""language"":""Markdown"",""blankLines"":24},{""codeLines"":126,""commentLines"":36,""language"":""Bourne Shell"",""blankLines"":23},{""codeLines"":590,""commentLines"":110,""language"":""Java"",""blankLines"":128},{""codeLines"":76,""commentLines"":2,""language"":""DOS Batch"",""blankLines"":26},{""codeLines"":133,""commentLines"":0,""language"":""XML"",""blankLines"":0},{""codeLines"":31,""commentLines"":5,""language"":""Gradle"",""blankLines"":13}]",2024-10-24T07:29:53,ea2f8582ea08cd53f221b09930956f539e771d69,TRUE,FALSE,FALSE,FALSE,"{""Java"":28966}",bug;documentation;duplicate;enhancement;good first issue;help wanted;invalid;question;wontfix,desktop;java;java-library;java-native-access;javafx;jfa;jna;linux;macos;macosx;native-library;swing;windows
8031931,irgendwr/telegramalert,FALSE,154,2,18,18,Java,master,MIT License,https://irgendwr.github.io/TelegramAlert/,14,130,3,1086,2017-12-12T04:42:04,2024-11-12T09:15:05,2024-11-13T09:31:16,45,3,15,0,499,2763,210,"[{""codeLines"":560,""commentLines"":84,""language"":""JSX"",""blankLines"":89},{""codeLines"":31,""commentLines"":0,""language"":""JSON"",""blankLines"":0},{""codeLines"":395,""commentLines"":73,""language"":""TypeScript"",""blankLines"":68},{""codeLines"":28,""commentLines"":3,""language"":""JavaScript"",""blankLines"":4},{""codeLines"":205,""commentLines"":0,""language"":""HTML"",""blankLines"":25},{""codeLines"":10,""commentLines"":0,""language"":""CSS"",""blankLines"":1},{""codeLines"":3,""commentLines"":7,""language"":""Properties"",""blankLines"":2},{""codeLines"":112,""commentLines"":2,""language"":""YAML"",""blankLines"":11},{""codeLines"":159,""commentLines"":0,""language"":""Markdown"",""blankLines"":73},{""codeLines"":563,""commentLines"":22,""language"":""Maven"",""blankLines"":47},{""codeLines"":697,""commentLines"":19,""language"":""Java"",""blankLines"":179}]",2024-11-12T09:14:50,fb8d21a8e55ca0ce089f0cf762b521fca554e046,FALSE,FALSE,FALSE,FALSE,"{""Java"":33181,""JavaScript"":24862,""TypeScript"":15869,""HTML"":3501,""CSS"":213}",bug;dependencies;duplicate;enhancement;good first issue;help wanted;invalid;java;javascript;need info;no-stale;not reproducible;question;stale;waiting for feedback;wontfix,graylog;graylog-notification;graylog-plugin;graylog2;hacktoberfest;java;telegram
14765121,seunmatt/mysql-backup4j,FALSE,89,4,1,69,Java,master,MIT License,,9,122,3,169,2018-02-25T06:23:14,2024-07-31T09:54:56,2024-07-31T06:18:01,23,5,21,2,478,1813,424,"[{""codeLines"":183,""commentLines"":0,""language"":""Maven"",""blankLines"":11},{""codeLines"":562,""commentLines"":149,""language"":""SQL"",""blankLines"":139},{""codeLines"":5,""commentLines"":0,""language"":""Properties"",""blankLines"":0},{""codeLines"":925,""commentLines"":275,""language"":""Java"",""blankLines"":282},{""codeLines"":16,""commentLines"":0,""language"":""YAML"",""blankLines"":2},{""codeLines"":122,""commentLines"":0,""language"":""Markdown"",""blankLines"":44}]",2024-07-31T09:54:56,5f12bdfd0c2af5ce57e4b1caeab8093f208cd4bb,TRUE,FALSE,FALSE,FALSE,"{""Java"":56945}",bug;dependencies;duplicate;enhancement;good first issue;help wanted;invalid;question;wontfix,database;database-management;java;mysql;mysql-backup4j
14765392,samuel-oliveira/java_certificado,FALSE,249,3,5,75,Java,master,MIT License,,22,121,8,15733,2017-05-29T01:59:19,2024-12-01T02:15:11,2024-12-01T02:14:45,13,0,9,0,353,1633,113,"[{""codeLines"":1,""commentLines"":0,""language"":""Text"",""blankLines"":0},{""codeLines"":177,""commentLines"":0,""language"":""Maven"",""blankLines"":6},{""codeLines"":941,""commentLines"":108,""language"":""Java"",""blankLines"":203},{""codeLines"":17,""commentLines"":0,""language"":""make"",""blankLines"":12},{""codeLines"":115,""commentLines"":5,""language"":""YAML"",""blankLines"":22},{""codeLines"":382,""commentLines"":0,""language"":""Markdown"",""blankLines"":110}]",2024-12-01T02:13:43,55c6fd0fd0d841f559e6b2eef7f21530e44feb4b,TRUE,FALSE,FALSE,FALSE,"{""Java"":52115}",bug;duplicate;enhancement;help wanted;invalid;question;wontfix,certificado;certificate;java;nfce;nfe;webservice
22830472,amrdeveloper/reactbutton,FALSE,89,1,8,26,Java,master,MIT License,,15,107,3,1587,2018-02-03T04:34:23,2023-05-25T06:18:48,2023-05-29T04:24:52,5,2,5,1,313,1929,288,"[{""codeLines"":710,""commentLines"":3,""language"":""XML"",""blankLines"":15},{""codeLines"":64,""commentLines"":2,""language"":""DOS Batch"",""blankLines"":24},{""codeLines"":0,""commentLines"":18,""language"":""ProGuard"",""blankLines"":3},{""codeLines"":393,""commentLines"":245,""language"":""Java"",""blankLines"":124},{""codeLines"":164,""commentLines"":0,""language"":""SVG"",""blankLines"":0},{""codeLines"":296,""commentLines"":0,""language"":""Markdown"",""blankLines"":96},{""codeLines"":154,""commentLines"":0,""language"":""Gradle"",""blankLines"":25},{""codeLines"":121,""commentLines"":20,""language"":""Bourne Again Shell"",""blankLines"":19},{""codeLines"":27,""commentLines"":0,""language"":""YAML"",""blankLines"":7}]",2023-05-25T07:19:20,ba1dd6850e0035b07b639a787922bc4eb7a095ac,TRUE,FALSE,FALSE,FALSE,"{""Java"":26034}",bug;duplicate;enhancement;good first issue;help wanted;invalid;question;wontfix,android;android-library;android-ui;emoji;facebook-reactions;hacktoberfest;java;kotlin;multi-reactions;reactions
24920848,stokito/ideajol,FALSE,169,1,14,9,Java,master,Apache License 2.0,https://plugins.jetbrains.com/plugin/10953-java-object-layout,5,138,3,689,2018-07-18T10:45:00,2024-09-14T09:58:30,2024-09-14T10:08:31,42,16,3,1,172,1912,74,"[{""codeLines"":36,""commentLines"":3,""language"":""Gradle"",""blankLines"":8},{""codeLines"":169,""commentLines"":0,""language"":""Text"",""blankLines"":33},{""codeLines"":6,""commentLines"":1,""language"":""HTML"",""blankLines"":0},{""codeLines"":66,""commentLines"":0,""language"":""Markdown"",""blankLines"":35},{""codeLines"":911,""commentLines"":0,""language"":""XML"",""blankLines"":2},{""codeLines"":18,""commentLines"":0,""language"":""SVG"",""blankLines"":0},{""codeLines"":706,""commentLines"":70,""language"":""Java"",""blankLines"":94}]",2024-09-14T09:58:11,c7561a5737b24bc06e28236878e814e027d3bf8d,TRUE,FALSE,FALSE,FALSE,"{""Java"":35174,""Kotlin"":1004,""HTML"":280}",bug;duplicate;enhancement;good first issue;help wanted;invalid;question;wontfix,intellij-plugin;java;java-profiler;jol;openjdk
27004860,0chencc/ctfcracktools,FALSE,18,1,23,299,Java,master,GNU General Public License v3.0,https://0chencc.github.io/CTFCrackTools/,58,1764,2,161782,2016-08-26T08:19:35,2024-03-26T08:58:34,2024-03-25T02:07:42,39,3,5,0,280,1938,327,"[{""codeLines"":830,""commentLines"":113,""language"":""Java"",""blankLines"":91},{""codeLines"":587,""commentLines"":180,""language"":""Kotlin"",""blankLines"":50},{""codeLines"":93,""commentLines"":10,""language"":""Python"",""blankLines"":4},{""codeLines"":156,""commentLines"":0,""language"":""Markdown"",""blankLines"":77},{""codeLines"":67,""commentLines"":1,""language"":""Gradle"",""blankLines"":12},{""codeLines"":5,""commentLines"":1,""language"":""Properties"",""blankLines"":0},{""codeLines"":121,""commentLines"":20,""language"":""Bourne Again Shell"",""blankLines"":19},{""codeLines"":64,""commentLines"":2,""language"":""DOS Batch"",""blankLines"":24},{""codeLines"":15,""commentLines"":0,""language"":""YAML"",""blankLines"":3}]",2024-03-26T08:58:33,04f707ad57f35cae083714a9049e527cad3beddf,TRUE,FALSE,FALSE,FALSE,"{""Java"":40197,""Kotlin"":28859,""Python"":3177}",bug;duplicate;enhancement;help wanted;invalid;question;wontfix,ctf;ctf-tools;framework;java;jython;kotlin-java;python;websecurity
35655144,jiayaoo3o/18-comic-finder,FALSE,326,1,12,1836,Java,master,MIT License,,10,1707,2,392,2021-02-16T06:38:42,2024-07-22T06:43:18,2024-07-24T03:53:42,65,15,94,20,161,985,88,"[{""codeLines"":584,""commentLines"":82,""language"":""Java"",""blankLines"":70},{""codeLines"":146,""commentLines"":0,""language"":""Maven"",""blankLines"":0},{""codeLines"":31,""commentLines"":6,""language"":""YAML"",""blankLines"":5},{""codeLines"":2,""commentLines"":0,""language"":""JSON"",""blankLines"":1},{""codeLines"":222,""commentLines"":0,""language"":""Markdown"",""blankLines"":85}]",2023-02-19T12:39:07,6caed4df25859439ef1ed9f3d9048f359c8e50f2,FALSE,FALSE,FALSE,FALSE,"{""Java"":31777}",bug;documentation;duplicate;enhancement;good first issue;help wanted;invalid;question;wontfix,github-actions;java;quarkus
82362517,flashvayne/chatgpt-spring-boot-starter,FALSE,39,3,5,56,Java,master,MIT License,,6,217,2,38,2022-12-21T02:41:16,2024-03-02T07:15:25,2024-03-01T08:26:00,9,1,10,0,207,737,81,"[{""codeLines"":92,""commentLines"":0,""language"":""JSON"",""blankLines"":1},{""codeLines"":67,""commentLines"":53,""language"":""Maven"",""blankLines"":13},{""codeLines"":79,""commentLines"":0,""language"":""Markdown"",""blankLines"":21},{""codeLines"":499,""commentLines"":28,""language"":""Java"",""blankLines"":172}]",2024-03-02T07:07:09,b61093834a3cb854e39a368ff3b32ba2e5505cf2,TRUE,FALSE,FALSE,FALSE,"{""Java"":19304}",bug;documentation;duplicate;enhancement;good first issue;help wanted;invalid;question;wontfix,chatgpt;image-generation;java;openai;spring-boot;starter
86498694,righettod/poc-graphql,FALSE,24,1,1,58,Java,master,MIT License,,15,371,4,235,2019-03-30T04:51:09,2023-05-24T12:09:40,2023-05-27T08:18:31,1,0,4,0,293,2222,248,"[{""codeLines"":617,""commentLines"":0,""language"":""Markdown"",""blankLines"":174},{""codeLines"":30,""commentLines"":17,""language"":""GraphQL"",""blankLines"":5},{""codeLines"":21,""commentLines"":0,""language"":""YAML"",""blankLines"":0},{""codeLines"":9,""commentLines"":0,""language"":""Dockerfile"",""blankLines"":0},{""codeLines"":768,""commentLines"":0,""language"":""XML"",""blankLines"":0},{""codeLines"":460,""commentLines"":231,""language"":""Java"",""blankLines"":101},{""codeLines"":211,""commentLines"":0,""language"":""SQL"",""blankLines"":7},{""codeLines"":106,""commentLines"":0,""language"":""Maven"",""blankLines"":6}]",2023-05-24T12:09:39,9fe5e32bfaafcb94716da7186e14628a364a2393,FALSE,FALSE,FALSE,FALSE,"{""Java"":27187,""Dockerfile"":265}",bug;dependencies;duplicate;enhancement;good first issue;help wanted;invalid;question;wontfix,graphql;java;security
86525891,ashinnotfound/chatgpt-yourchatrobot,FALSE,145,1,8,96,Java,master,MIT License,,6,433,2,14564,2022-12-10T01:36:05,2025-01-18T12:47:08,2025-01-18T12:47:10,83,16,10,1,158,969,176,"[{""codeLines"":204,""commentLines"":0,""language"":""Markdown"",""blankLines"":69},{""codeLines"":30,""commentLines"":31,""language"":""YAML"",""blankLines"":3},{""codeLines"":8,""commentLines"":0,""language"":""Text"",""blankLines"":0},{""codeLines"":655,""commentLines"":142,""language"":""Java"",""blankLines"":83},{""codeLines"":72,""commentLines"":3,""language"":""Maven"",""blankLines"":3}]",2025-01-18T12:47:08,0a8a2f245b59435fc9065174b0513d9d489c5d39,TRUE,FALSE,FALSE,FALSE,"{""Java"":30150}",bug;discuss;documentation;duplicate;enhancement;good first issue;help wanted;invalid;question;wontfix,chatbot;chatgpt;chatgpt-bot;dalle2;gpt-3;gpt4;image-generation;java;openai;qq-bot;wechat-bot
94471007,tinkoff-mobile-tech/scrollingpagerindicator,FALSE,73,6,11,98,Java,master,Apache License 2.0,,22,621,13,1965,2018-02-12T03:31:13,2023-08-06T03:56:20,2023-08-08T10:05:14,29,15,22,3,330,1971,271,"[{""codeLines"":121,""commentLines"":20,""language"":""Bourne Again Shell"",""blankLines"":19},{""codeLines"":175,""commentLines"":15,""language"":""Gradle"",""blankLines"":28},{""codeLines"":981,""commentLines"":234,""language"":""Java"",""blankLines"":205},{""codeLines"":463,""commentLines"":0,""language"":""XML"",""blankLines"":30},{""codeLines"":17,""commentLines"":0,""language"":""YAML"",""blankLines"":4},{""codeLines"":150,""commentLines"":0,""language"":""Markdown"",""blankLines"":20},{""codeLines"":64,""commentLines"":2,""language"":""DOS Batch"",""blankLines"":24}]",2023-06-19T06:22:14,b4b0f2bde72148543692876f0268f5379cc38ed0,TRUE,TRUE,FALSE,FALSE,"{""Java"":42743}",bug;duplicate;enhancement;good first issue;help wanted;invalid;question;wontfix,android;android-ui;indicator;instagram;java;recyclerview;viewpager
94535841,bentalebahmed/BlueUnity,FALSE,57,1,1,28,Java,master,MIT License,,8,111,1,43993,2019-07-13T02:59:16,2025-02-15T02:26:46,2025-02-15T06:33:37,10,0,1,0,104,358,9,"[{""codeLines"":58,""commentLines"":0,""language"":""Markdown"",""blankLines"":35},{""codeLines"":300,""commentLines"":9,""language"":""Java"",""blankLines"":69}]",2025-02-15T02:26:46,4ac89f818b522d33b704a1cd30f5516528a2c8ff,TRUE,FALSE,FALSE,FALSE,"{""Java"":13038}",bug;documentation;duplicate;enhancement;good first issue;help wanted;invalid;question;wontfix,android;arduino;bluetooth;bluetooth-arduino;c-sharp;java;unity;unity3d
94599262,fairytale110/BezierSeekBar,FALSE,36,1,5,29,Java,master,Apache License 2.0,https://github.com/fairytale110/BezierSeekBar,5,268,2,3480,2018-10-15T09:35:23,2023-09-26T02:38:51,2023-09-26T02:38:34,2,1,1,0,275,1527,140,"[{""codeLines"":129,""commentLines"":22,""language"":""Bourne Shell"",""blankLines"":21},{""codeLines"":186,""commentLines"":0,""language"":""Markdown"",""blankLines"":49},{""codeLines"":1,""commentLines"":0,""language"":""JSON"",""blankLines"":0},{""codeLines"":545,""commentLines"":2,""language"":""XML"",""blankLines"":17},{""codeLines"":104,""commentLines"":6,""language"":""Gradle"",""blankLines"":20},{""codeLines"":497,""commentLines"":77,""language"":""Java"",""blankLines"":142},{""codeLines"":6,""commentLines"":13,""language"":""Properties"",""blankLines"":0},{""codeLines"":59,""commentLines"":2,""language"":""DOS Batch"",""blankLines"":23},{""codeLines"":0,""commentLines"":18,""language"":""ProGuard"",""blankLines"":3}]",2023-09-26T02:38:51,191854c6ce6701c32e9a404a5a831db5bc3428eb,TRUE,FALSE,FALSE,FALSE,"{""Java"":23235}",bug;duplicate;enhancement;good first issue;help wanted;invalid;question;wontfix,android;animation;bezier-animation;bezierseekbar;custom-view;fairytale110;java;seekbar;selector
2078,pocmo/yaaic,FALSE,1067,2,2,124,Java,master,GNU General Public License v3.0,http://www.yaaic.org,31,320,19,4423,2009-05-28T06:17:52,2021-08-16T02:27:56,2021-08-16T02:28:00,201,110,43,10,2753,10300,6212,"[{""language"":""Bourne Again Shell"",""commentLines"":21,""codeLines"":123,""blankLines"":20},{""language"":""YAML"",""commentLines"":0,""codeLines"":17,""blankLines"":1},{""language"":""Markdown"",""commentLines"":0,""codeLines"":42,""blankLines"":19},{""language"":""Java"",""commentLines"":5759,""codeLines"":8222,""blankLines"":2402},{""language"":""DOS Batch"",""commentLines"":2,""codeLines"":64,""blankLines"":24},{""language"":""ProGuard"",""commentLines"":30,""codeLines"":0,""blankLines"":4},{""language"":""XML"",""commentLines"":396,""codeLines"":1773,""blankLines"":272},{""language"":""Gradle"",""commentLines"":4,""codeLines"":59,""blankLines"":11}]",2021-08-16T02:27:56,d4a10b6c9c9d5211ed4ea650d5d54269df868175,TRUE,FALSE,FALSE,FALSE,"{""Java"":522948}",beta;bug;contribution;design / ui;feature;homepage;technical debt;testing;translation,
2080,apache/commons-codec,FALSE,2931,8,0,245,Java,master,Apache License 2.0,https://commons.apache.org/codec/,53,460,48,5732,2009-05-21T01:20:25,2025-01-17T03:49:28,2025-01-17T03:49:28,0,0,353,5,5032,33793,16549,"[{""language"":""Velocity Template Language"",""commentLines"":29,""codeLines"":71,""blankLines"":15},{""language"":""Java"",""commentLines"":15920,""codeLines"":24198,""blankLines"":3926},{""language"":""YAML"",""commentLines"":109,""codeLines"":149,""blankLines"":35},{""language"":""Markdown"",""commentLines"":122,""codeLines"":126,""blankLines"":49},{""language"":""Bourne Shell"",""commentLines"":2,""codeLines"":2,""blankLines"":0},{""language"":""XML"",""commentLines"":318,""codeLines"":1546,""blankLines"":83},{""language"":""Maven"",""commentLines"":35,""codeLines"":448,""blankLines"":2},{""language"":""Text"",""commentLines"":0,""codeLines"":7179,""blankLines"":906},{""language"":""HTML"",""commentLines"":14,""codeLines"":74,""blankLines"":16}]",2025-01-17T03:49:25,7744e38d2f3fd47298ed5aef7e5f0fca30f440eb,FALSE,FALSE,FALSE,FALSE,"{""Java"":1898470,""HTML"":3572,""Shell"":157}",dependencies;github_actions;java,commons
6172,tinkerpop/blueprints,FALSE,1766,4,19,281,Java,master,Other,http://tinkerpop.apache.org,123,1318,47,8887,2010-02-08T10:17:49,2017-09-05T11:00:29,2020-11-28T07:01:20,,,172,6,6950,74284,5061,"[{""language"":""Java"",""commentLines"":5036,""codeLines"":33356,""blankLines"":6910},{""language"":""Maven"",""commentLines"":25,""codeLines"":889,""blankLines"":6},{""language"":""JSON"",""commentLines"":0,""codeLines"":20,""blankLines"":0},{""language"":""Markdown"",""commentLines"":0,""codeLines"":92,""blankLines"":31},{""language"":""YAML"",""commentLines"":0,""codeLines"":5,""blankLines"":0},{""language"":""XML"",""commentLines"":0,""codeLines"":39922,""blankLines"":3}]",2017-09-05T11:00:29,5f352041952cf68b320ed6aee8fa9ed87a269237,TRUE,FALSE,FALSE,FALSE,"{""Java"":1715270}",api;asap;bug;feature;hot-feature,
8752,jenkinsci/git-plugin,FALSE,5379,14,72,1060,Java,master,MIT License,https://plugins.jenkins.io/git,125,669,244,9777,2010-04-15T09:07:21,2025-01-20T05:19:26,2025-01-20T05:15:35,0,0,1709,19,7355,42398,9907,"[{""language"":""AsciiDoc"",""commentLines"":7,""codeLines"":1235,""blankLines"":529},{""language"":""Java"",""commentLines"":8765,""codeLines"":37087,""blankLines"":6462},{""language"":""CSS"",""commentLines"":0,""codeLines"":9,""blankLines"":1},{""language"":""HTML"",""commentLines"":52,""codeLines"":1573,""blankLines"":65},{""language"":""XML"",""commentLines"":295,""codeLines"":992,""blankLines"":113},{""language"":""Maven"",""commentLines"":6,""codeLines"":236,""blankLines"":12},{""language"":""SVG"",""commentLines"":0,""codeLines"":2,""blankLines"":0},{""language"":""Bourne Shell"",""commentLines"":9,""codeLines"":154,""blankLines"":36},{""language"":""Groovy"",""commentLines"":3,""codeLines"":149,""blankLines"":48},{""language"":""Properties"",""commentLines"":740,""codeLines"":263,""blankLines"":44},{""language"":""Text"",""commentLines"":0,""codeLines"":17,""blankLines"":3},{""language"":""YAML"",""commentLines"":6,""codeLines"":567,""blankLines"":12},{""language"":""Markdown"",""commentLines"":0,""codeLines"":24,""blankLines"":9},{""language"":""JavaScript"",""commentLines"":24,""codeLines"":90,""blankLines"":21}]",2025-01-20T05:15:32,aa8526fee934d1738d720d3bc150e3317c8b00fa,FALSE,FALSE,FALSE,FALSE,"{""Java"":2131031,""HTML"":94319,""JavaScript"":5867,""Groovy"":5841,""Shell"":4653,""CSS"":246}",breaking;bug;bugfix;builddata;caching;changelog;chore;dependencies;deprecated;developer;documentation;duplicate;enhancement;github_actions;good first issue;gsoc;invalid;java;localization;maintenance;major-bug;major-rfe;notifycommit;publisher;question;removed;rfe;shortterm;skip-artifact-caching-proxy;skip-changelog;submodules;test;tests;wontfix;work-in-progress,git;scm
46158,garbagemule/mobarena,FALSE,1069,8,11,151,Java,master,GNU General Public License v3.0,,26,195,20,19473,2011-05-30T05:08:14,2024-10-13T02:21:02,2024-10-13T02:20:59,675,91,124,3,5687,23831,2855,"[{""language"":""Maven"",""commentLines"":11,""codeLines"":111,""blankLines"":14},{""language"":""DOS Batch"",""commentLines"":2,""codeLines"":69,""blankLines"":21},{""language"":""Java"",""commentLines"":2605,""codeLines"":22425,""blankLines"":5361},{""language"":""Gradle"",""commentLines"":6,""codeLines"":51,""blankLines"":12},{""language"":""Python"",""commentLines"":30,""codeLines"":143,""blankLines"":62},{""language"":""Properties"",""commentLines"":0,""codeLines"":7,""blankLines"":0},{""language"":""Bourne Shell"",""commentLines"":116,""codeLines"":105,""blankLines"":28},{""language"":""YAML"",""commentLines"":32,""codeLines"":531,""blankLines"":54},{""language"":""Markdown"",""commentLines"":53,""codeLines"":389,""blankLines"":135}]",2024-10-13T02:10:11,53219f19dfa91549261fa40dee068fcd29b287be,TRUE,FALSE,FALSE,FALSE,"{""Java"":936506,""Python"":6098}",area/admin;area/i18n;area/misc;area/mobs;area/restoration;area/sessions;area/stats;blocked/dependency;blocked/feedback;blocked/invalid;blocked/investigation;blocked/rework;good first issue;help wanted;rework/i18n;rework/mobs;rework/restoration;rework/sessions;rework/stats;type/bug;type/change;type/docs;type/enhancement;type/meta,bukkit;bukkit-plugin;java;minecraft;minecraft-plugin;mobarena;plugin;spigot
47237,dius/java-faker,FALSE,834,12,0,838,Java,master,Other,http://dius.github.io/java-faker,132,4609,83,6147,2011-06-06T01:01:21,2024-06-10T06:08:16,2024-06-10T11:53:08,248,96,528,128,2583,62447,1417,"[{""language"":""Markdown"",""commentLines"":0,""codeLines"":286,""blankLines"":57},{""language"":""YAML"",""commentLines"":255,""codeLines"":53581,""blankLines"":306},{""language"":""Maven"",""commentLines"":0,""codeLines"":151,""blankLines"":1},{""language"":""Java"",""commentLines"":1162,""codeLines"":8429,""blankLines"":2219}]",2022-01-12T08:11:13,a8b8ff0acc6fcc629d08a3a9952f83be56a9a3c3,TRUE,FALSE,FALSE,FALSE,"{""Java"":368105}",dependencies;feature request;not a bug,faker-gem;java;java-faker
54306,netflix/astyanax,FALSE,1018,10,7,365,Java,master,Apache License 2.0,,529,1029,51,6987,2011-07-13T08:24:30,2023-04-10T11:00:28,2023-04-17T01:16:29,398,116,250,41,13347,56283,18960,"[{""language"":""Markdown"",""commentLines"":0,""codeLines"":74,""blankLines"":24},{""language"":""HTML"",""commentLines"":15,""codeLines"":77,""blankLines"":25},{""language"":""Gradle"",""commentLines"":68,""codeLines"":174,""blankLines"":36},{""language"":""DOS Batch"",""commentLines"":2,""codeLines"":59,""blankLines"":23},{""language"":""Java"",""commentLines"":18782,""codeLines"":55399,""blankLines"":13183},{""language"":""XML"",""commentLines"":57,""codeLines"":130,""blankLines"":31},{""language"":""Bourne Shell"",""commentLines"":22,""codeLines"":129,""blankLines"":21},{""language"":""YAML"",""commentLines"":14,""codeLines"":241,""blankLines"":4}]",2021-08-17T06:01:57,7c57866e0056afb76109e351b5a86ab063224ff6,TRUE,FALSE,FALSE,FALSE,"{""Java"":3005729,""HTML"":3728}",,
103018,citizensdev/citizensapi,FALSE,1344,4,0,61,Java,master,Open Software License 3.0,https://citizensnpcs.co,13,146,17,11990,2012-02-03T09:29:38,2025-01-17T03:24:56,2025-01-17T03:24:57,46,0,34,0,2948,15463,2946,"[{""language"":""Markdown"",""commentLines"":0,""codeLines"":29,""blankLines"":10},{""language"":""Maven"",""commentLines"":1,""codeLines"":139,""blankLines"":0},{""language"":""Java"",""commentLines"":2944,""codeLines"":15285,""blankLines"":2937},{""language"":""YAML"",""commentLines"":1,""codeLines"":10,""blankLines"":1}]",2025-01-17T03:24:50,735bb18e747835dc4b2a947107e9b9a05f384c08,FALSE,FALSE,FALSE,FALSE,"{""Java"":689591}",bug report;feature request;pull request;question,citizens;citizens-plugin;java;minecraft;minecraft-plugin;npc;papermc;spigot
128824,minecraftforge/fml,FALSE,1796,17,28,203,Java,master,Other,,111,428,51,26767,2012-03-28T04:50:53,2015-08-30T05:14:57,2020-11-30T03:59:42,376,24,312,10,4458,51505,7053,"[{""language"":""Diff"",""commentLines"":1339,""codeLines"":1002,""blankLines"":243},{""language"":""JSON"",""commentLines"":0,""codeLines"":23048,""blankLines"":0},{""language"":""Java"",""commentLines"":5672,""codeLines"":26977,""blankLines"":4144},{""language"":""DOS Batch"",""commentLines"":2,""codeLines"":64,""blankLines"":24},{""language"":""Bourne Again Shell"",""commentLines"":21,""codeLines"":123,""blankLines"":20},{""language"":""XML"",""commentLines"":0,""codeLines"":110,""blankLines"":0},{""language"":""INI"",""commentLines"":0,""codeLines"":44,""blankLines"":0},{""language"":""Gradle"",""commentLines"":19,""codeLines"":137,""blankLines"":27}]",2015-05-11T03:55:11,1d627656b890ee9ae530687c16a2c288570b4386,TRUE,TRUE,FALSE,FALSE,,,
151434,facebookarchive/swift,FALSE,595,12,59,306,Java,master,Apache License 2.0,,136,869,30,5806,2012-05-09T08:24:31,2018-11-08T01:57:06,2020-12-08T05:17:12,90,0,264,0,7041,35753,9682,"[{""language"":""Java"",""commentLines"":7071,""codeLines"":29804,""blankLines"":5367},{""language"":""Thrift"",""commentLines"":2407,""codeLines"":3009,""blankLines"":893},{""language"":""JSON"",""commentLines"":0,""codeLines"":4,""blankLines"":0},{""language"":""XML"",""commentLines"":12,""codeLines"":11,""blankLines"":9},{""language"":""Markdown"",""commentLines"":0,""codeLines"":704,""blankLines"":242},{""language"":""Maven"",""commentLines"":161,""codeLines"":1306,""blankLines"":281},{""language"":""ANTLR Grammar"",""commentLines"":31,""codeLines"":402,""blankLines"":119},{""language"":""Smalltalk"",""commentLines"":0,""codeLines"":513,""blankLines"":130}]",2018-05-16T06:57:54,3f1f098a50d6106f50cd6fe1c361dd373ede0197,TRUE,TRUE,FALSE,FALSE,,,
174704,digital-preservation/droid,FALSE,1986,37,18,75,Java,master,BSD 3-Clause New or Revised License,,39,296,24,22309,2012-06-21T10:54:31,2025-01-20T12:16:54,2025-01-20T12:06:34,360,120,786,13,15970,287767,42412,"[{""language"":""ASP.NET"",""commentLines"":0,""codeLines"":3,""blankLines"":0},{""language"":""Unity-Prefab"",""commentLines"":0,""codeLines"":1,""blankLines"":0},{""language"":""DTD"",""commentLines"":52,""codeLines"":100,""blankLines"":27},{""language"":""XSLT"",""commentLines"":82,""codeLines"":343,""blankLines"":37},{""language"":""PowerBuilder"",""commentLines"":0,""codeLines"":1,""blankLines"":0},{""language"":""Markdown"",""commentLines"":0,""codeLines"":262,""blankLines"":95},{""language"":""YAML"",""commentLines"":0,""codeLines"":63,""blankLines"":2},{""language"":""COBOL"",""commentLines"":0,""codeLines"":2,""blankLines"":0},{""language"":""C++"",""commentLines"":0,""codeLines"":2,""blankLines"":0},{""language"":""TableGen"",""commentLines"":0,""codeLines"":1,""blankLines"":0},{""language"":""Text"",""commentLines"":0,""codeLines"":1982,""blankLines"":63},{""language"":""DOS Batch"",""commentLines"":62,""codeLines"":62,""blankLines"":33},{""language"":""Verilog-SystemVerilog"",""commentLines"":0,""codeLines"":1,""blankLines"":0},{""language"":""Teamcenter met"",""commentLines"":0,""codeLines"":1,""blankLines"":0},{""language"":""XML"",""commentLines"":2421,""codeLines"":219425,""blankLines"":1275},{""language"":""TNSDL"",""commentLines"":0,""codeLines"":1,""blankLines"":0},{""language"":""C"",""commentLines"":0,""codeLines"":1,""blankLines"":0},{""language"":""Visual Basic"",""commentLines"":0,""codeLines"":2,""blankLines"":0},{""language"":""Maven"",""commentLines"":81,""codeLines"":2817,""blankLines"":137},{""language"":""PL/M"",""commentLines"":0,""codeLines"":1,""blankLines"":0},{""language"":""Bourne Shell"",""commentLines"":84,""codeLines"":53,""blankLines"":21},{""language"":""Standard ML"",""commentLines"":0,""codeLines"":2,""blankLines"":0},{""language"":""Perl"",""commentLines"":0,""codeLines"":1,""blankLines"":0},{""language"":""Windows Message File"",""commentLines"":0,""codeLines"":2,""blankLines"":0},{""language"":""Haskell"",""commentLines"":0,""codeLines"":33,""blankLines"":1},{""language"":""make"",""commentLines"":5,""codeLines"":0,""blankLines"":0},{""language"":""Squirrel"",""commentLines"":0,""codeLines"":1,""blankLines"":0},{""language"":""JavaScript"",""commentLines"":0,""codeLines"":1,""blankLines"":0},{""language"":""Properties"",""commentLines"":811,""codeLines"":683,""blankLines"":106},{""language"":""SQL"",""commentLines"":31,""codeLines"":1,""blankLines"":1},{""language"":""Java"",""commentLines"":38121,""codeLines"":54763,""blankLines"":13668},{""language"":""Windows Module Definition"",""commentLines"":0,""codeLines"":1,""blankLines"":0},{""language"":""XSD"",""commentLines"":194,""codeLines"":1444,""blankLines"":332},{""language"":""ActionScript"",""commentLines"":0,""codeLines"":1,""blankLines"":0},{""language"":""GLSL"",""commentLines"":0,""codeLines"":1,""blankLines"":0},{""language"":""Mathematica"",""commentLines"":0,""codeLines"":1,""blankLines"":0},{""language"":""Patran Command Language"",""commentLines"":0,""codeLines"":1,""blankLines"":0},{""language"":""HTML"",""commentLines"":468,""codeLines"":5707,""blankLines"":172}]",2025-01-20T12:06:31,fb966ed83a30de86b47a138962cc2eff0bccd6c1,TRUE,FALSE,FALSE,FALSE,"{""Java"":4321448,""HTML"":291393,""XSLT"":22975,""PostScript"":8826,""Arc"":6322,""Batchfile"":5668,""Shell"":5273,""Haskell"":992,""Portugol"":200,""Alloy"":81,""ASP.NET"":76,""Roff"":64,""AngelScript"":46,""ActionScript"":46,""Visual Basic 6.0"":40,""VBA"":40,""Rich Text Format"":39,""COBOL"":32,""RouterOS Script"":28,""Squirrel"":24,""Standard ML"":16,""JetBrains MPS"":16,""Mathematica"":12,""Csound Score"":9,""Coq"":8,""Q#"":8,""Verilog"":8,""nesC"":8,""Perl"":7,""Papyrus"":6,""GLSL"":5,""JavaScript"":4}",bug;can't reproduce;ci;dependencies;documentation;duplicate;easy-task;enhancement;high;invalid;low;med;pronom data;question;security;signature problem;test;to-be-done-by-tna;toexplore;wontfix,droid;identification;java;pronom
1235402,spotify/helios,FALSE,2458,16,423,234,Java,master,Apache License 2.0,,86,2110,47,7755,2014-05-26T02:29:06,2024-09-12T12:43:28,2024-09-12T12:43:37,147,3,1157,14,11166,52220,14683,"[{""language"":""Java"",""commentLines"":14297,""codeLines"":46616,""blankLines"":10148},{""language"":""JSON"",""commentLines"":0,""codeLines"":211,""blankLines"":0},{""language"":""YAML"",""commentLines"":11,""codeLines"":83,""blankLines"":21},{""language"":""Dockerfile"",""commentLines"":17,""codeLines"":66,""blankLines"":21},{""language"":""make"",""commentLines"":0,""codeLines"":9,""blankLines"":4},{""language"":""Text"",""commentLines"":0,""codeLines"":19,""blankLines"":0},{""language"":""DOS Batch"",""commentLines"":0,""codeLines"":112,""blankLines"":31},{""language"":""Properties"",""commentLines"":0,""codeLines"":1,""blankLines"":0},{""language"":""Bourne Again Shell"",""commentLines"":92,""codeLines"":480,""blankLines"":79},{""language"":""XML"",""commentLines"":71,""codeLines"":110,""blankLines"":25},{""language"":""Markdown"",""commentLines"":0,""codeLines"":1770,""blankLines"":646},{""language"":""Python"",""commentLines"":39,""codeLines"":61,""blankLines"":30},{""language"":""Bourne Shell"",""commentLines"":99,""codeLines"":355,""blankLines"":85},{""language"":""Maven"",""commentLines"":57,""codeLines"":2327,""blankLines"":76}]",2024-09-12T12:43:28,819e59493b502ddbf40cd96a4a7a0ea2a8af3edb,FALSE,TRUE,FALSE,FALSE,"{""Java"":2469293,""Shell"":29663,""Python"":5057,""Dockerfile"":4048,""Makefile"":269}",bug;dependencies;duplicate;enhancement;help wanted;invalid;pinned;proposal;question;stale;wontfix,container;docker;helios;java;orchestration
